Timestamp,Sensor1,Sensor2,Sensor3,Sensor4,Sensor5
2021-10-09 11:04:43.674828,1.0188512092992958,-186.06680000000006,25,51
2021-10-09 11:04:43.806493,1.039041556956577,260.6212,0,0
2021-10-09 11:04:43.937674,1.039041556956577,-58.71320000000003,0,0
2021-10-09 11:04:44.068728,1.0087560354706557,-146.14999999999998,0,0
2021-10-09 11:04:44.201846,0.9986608616420147,-70.11800000000005,0,0
2021-10-09 11:04:44.333041,1.0087560354706557,45.830799999999954,0,0
2021-10-09 11:04:44.480535,1.039041556956577,-123.34040000000005,0,0
2021-10-09 11:04:44.627327,1.0592319046138572,-117.63800000000003,0,0
2021-10-09 11:04:44.774241,1.049136730785217,74.34280000000001,0,0
2021-10-09 11:04:44.927328,1.039041556956577,291.034,0,0
2021-10-09 11:04:45.074242,1.0188512092992958,180.7876,0,0
2021-10-09 11:04:45.221383,1.0087560354706557,116.16039999999998,0,0
2021-10-09 11:04:45.367794,0.9986608616420147,87.64840000000004,0,0
2021-10-09 11:04:45.514126,1.049136730785217,-229.78520000000003,0,0
2021-10-09 11:04:45.660529,1.0592319046138572,-284.90840000000003,0,0
2021-10-09 11:04:45.806866,1.049136730785217,268.2244,0,0
2021-10-09 11:04:45.953352,1.0188512092992958,133.26760000000002,0,0
2021-10-09 11:04:46.106623,1.0188512092992958,40.128400000000056,24,38
2021-10-09 11:04:46.253449,1.0087560354706557,-170.86040000000003,0,0
2021-10-09 11:04:46.400375,1.0188512092992958,-149.95159999999998,0,0
2021-10-09 11:04:46.547242,1.049136730785217,-315.3212000000001,0,0
2021-10-09 11:04:46.694090,1.049136730785217,129.466,0,0
2021-10-09 11:04:46.840944,1.028946383127936,435.4948,0,0
2021-10-09 11:04:46.987411,1.0087560354706557,-115.73720000000003,0,0
2021-10-09 11:04:47.133894,1.0188512092992958,-294.41239999999993,0,0
2021-10-09 11:04:47.286810,1.049136730785217,-85.32439999999997,24,38
2021-10-09 11:04:47.433198,1.039041556956577,-408.46039999999994,0,0
2021-10-09 11:04:47.579590,1.039041556956577,45.830799999999954,0,0
2021-10-09 11:04:47.726171,1.028946383127936,245.4148,0,0
2021-10-09 11:04:47.872741,1.0188512092992958,-35.90359999999998,0,0
2021-10-09 11:04:48.019409,1.028946383127936,-214.5788,0,0
2021-10-09 11:04:48.166285,1.039041556956577,-218.3804,0,0
2021-10-09 11:04:48.313066,1.049136730785217,-89.12599999999998,0,0
2021-10-09 11:04:48.467051,1.039041556956577,329.05,24,37
2021-10-09 11:04:48.613872,1.039041556956577,4.0131999999999834,0,0
2021-10-09 11:04:48.760822,1.0087560354706557,190.29160000000002,0,0
2021-10-09 11:04:48.907370,0.9986608616420147,-186.06680000000006,0,0
2021-10-09 11:04:49.053757,1.0188512092992958,-163.2572,0,0
2021-10-09 11:04:49.199934,1.028946383127936,-423.66679999999997,0,0
2021-10-09 11:04:49.346424,1.028946383127936,258.7204,0,0
2021-10-09 11:04:49.492807,1.0188512092992958,325.2484,0,0
2021-10-09 11:04:49.646290,0.9986608616420147,-1.689200000000028,24,37
2021-10-09 11:04:49.792765,1.0188512092992958,-53.01080000000002,0,0
2021-10-09 11:04:49.939674,0.9885656878133746,-216.4796,0,0
2021-10-09 11:04:50.086329,1.039041556956577,-324.8252,0,0
2021-10-09 11:04:50.233278,1.028946383127936,-130.94359999999995,0,0
2021-10-09 11:04:50.380178,1.0188512092992958,258.7204,0,0
2021-10-09 11:04:50.527839,1.0188512092992958,100.95399999999995,0,0
2021-10-09 11:04:50.674557,0.9986608616420147,-277.3052,0,0
2021-10-09 11:04:50.827571,1.0188512092992958,-159.4556,24,36
2021-10-09 11:04:50.973988,1.0188512092992958,-68.21720000000005,0,0
2021-10-09 11:04:51.122549,1.039041556956577,-79.62199999999996,0,0
2021-10-09 11:04:51.268833,1.049136730785217,-294.41239999999993,0,0
2021-10-09 11:04:51.417436,1.039041556956577,127.5652,0,0
2021-10-09 11:04:51.566070,1.028946383127936,456.4036,0,0
2021-10-09 11:04:51.712438,1.028946383127936,291.034,0,0
2021-10-09 11:04:51.858805,1.0087560354706557,-47.308400000000006,0,0
2021-10-09 11:04:52.015058,1.039041556956577,-87.22519999999997,24,36
2021-10-09 11:04:52.161481,1.0087560354706557,-163.2572,0,0
2021-10-09 11:04:52.310587,1.028946383127936,-159.4556,0,0
2021-10-09 11:04:52.457391,1.039041556956577,-235.48760000000004,0,0
2021-10-09 11:04:52.604066,1.028946383127936,171.28359999999998,0,0
2021-10-09 11:04:52.750957,1.0087560354706557,243.514,0,0
2021-10-09 11:04:52.898527,1.0087560354706557,-26.399599999999964,0,0
2021-10-09 11:04:53.045170,0.9986608616420147,-176.56280000000004,0,0
2021-10-09 11:04:53.198288,1.0188512092992958,-250.69399999999996,24,36
2021-10-09 11:04:53.344612,1.028946383127936,-180.36440000000005,0,0
2021-10-09 11:04:53.490854,1.049136730785217,-182.26520000000005,0,0
2021-10-09 11:04:53.637040,1.039041556956577,253.01800000000003,0,0
2021-10-09 11:04:53.783259,1.028946383127936,277.7284,0,0
2021-10-09 11:04:53.929805,1.0188512092992958,-14.994800000000055,0,0
2021-10-09 11:04:54.076553,1.028946383127936,-72.01880000000006,0,0
2021-10-09 11:04:54.223487,1.049136730785217,-216.4796,0,0
2021-10-09 11:04:54.376796,1.039041556956577,23.02120000000002,24,36
2021-10-09 11:04:54.523552,1.049136730785217,-127.14200000000005,0,0
2021-10-09 11:04:54.669999,1.028946383127936,332.8516,0,0
2021-10-09 11:04:54.816677,1.0188512092992958,152.27560000000005,0,0
2021-10-09 11:04:54.963441,1.0188512092992958,42.029199999999946,0,0
2021-10-09 11:04:55.109796,1.039041556956577,-16.895599999999945,0,0
2021-10-09 11:04:55.256059,1.049136730785217,-58.71320000000003,0,0
2021-10-09 11:04:55.402329,1.0188512092992958,321.4468,0,0
2021-10-09 11:04:55.555122,1.028946383127936,127.5652,24,36
2021-10-09 11:04:55.701398,1.0087560354706557,330.9508,0,0
2021-10-09 11:04:55.847551,1.0087560354706557,-34.00279999999998,0,0
2021-10-09 11:04:55.993859,1.028946383127936,19.219600000000014,0,0
2021-10-09 11:04:56.140649,1.0592319046138572,-102.4316,0,0
2021-10-09 11:04:56.287307,1.028946383127936,127.5652,0,0
2021-10-09 11:04:56.434001,1.0188512092992958,424.09000000000003,0,0
2021-10-09 11:04:56.580844,1.0087560354706557,-81.52279999999996,0,0
2021-10-09 11:04:56.733772,1.039041556956577,-108.13400000000001,0,0
2021-10-09 11:04:56.880661,1.0087560354706557,0.2115999999999758,0,0
2021-10-09 11:04:57.027121,1.028946383127936,-83.42359999999996,0,0
2021-10-09 11:04:57.173377,1.028946383127936,-47.308400000000006,0,0
2021-10-09 11:04:57.319662,1.028946383127936,291.034,0,0
2021-10-09 11:04:57.465949,1.0087560354706557,62.93799999999999,0,0
2021-10-09 11:04:57.612364,1.028946383127936,95.25160000000005,0,0
2021-10-09 11:04:57.758612,1.049136730785217,7.814799999999991,0,0
2021-10-09 11:04:57.911804,1.039041556956577,74.34280000000001,24,36
2021-10-09 11:04:58.058482,1.039041556956577,-174.66200000000003,0,0
2021-10-09 11:04:58.205203,1.0188512092992958,213.10119999999995,0,0
2021-10-09 11:04:58.352092,1.0087560354706557,93.35080000000005,0,0
2021-10-09 11:04:58.498687,0.9986608616420147,5.913999999999987,0,0
2021-10-09 11:04:58.645553,1.028946383127936,-197.47159999999997,0,0
2021-10-09 11:04:58.792253,1.039041556956577,-402.75800000000004,0,0
2021-10-09 11:04:58.938502,1.028946383127936,85.74760000000003,0,0
2021-10-09 11:04:59.091197,1.028946383127936,315.7444,24,36
2021-10-09 11:04:59.237636,1.0188512092992958,272.026,0,0
2021-10-09 11:04:59.383857,1.0188512092992958,-250.69399999999996,0,0
2021-10-09 11:04:59.530882,1.0087560354706557,-315.3212000000001,0,0
2021-10-09 11:04:59.677212,1.039041556956577,-307.7180000000001,0,0
2021-10-09 11:04:59.823420,1.049136730785217,-326.7260000000001,0,0
2021-10-09 11:04:59.970111,1.039041556956577,-32.101999999999975,0,0
2021-10-09 11:05:00.119278,1.039041556956577,21.120400000000018,0,0
2021-10-09 11:05:00.272665,1.039041556956577,349.9588,0,0
2021-10-09 11:05:00.421743,1.049136730785217,-191.76919999999996,0,0
2021-10-09 11:05:00.568383,1.0087560354706557,-161.3564,0,0
2021-10-09 11:05:00.715000,1.039041556956577,-102.4316,0,0
2021-10-09 11:05:00.861598,1.0188512092992958,-151.8524,0,0
2021-10-09 11:05:01.010512,1.028946383127936,5.913999999999987,0,0
2021-10-09 11:05:01.156710,1.039041556956577,-134.74519999999995,0,0
2021-10-09 11:05:01.304388,1.028946383127936,7.814799999999991,0,0
2021-10-09 11:05:01.457367,1.028946383127936,110.45799999999997,24,36
2021-10-09 11:05:01.603655,1.0188512092992958,167.48199999999997,0,0
2021-10-09 11:05:01.749903,1.0188512092992958,38.22760000000005,0,0
2021-10-09 11:05:01.896620,1.028946383127936,-87.22519999999997,0,0
2021-10-09 11:05:02.042944,1.039041556956577,-49.20920000000001,0,0
2021-10-09 11:05:02.189635,1.0087560354706557,87.64840000000004,0,0
2021-10-09 11:05:02.336457,1.028946383127936,-256.39639999999997,0,0
2021-10-09 11:05:02.483196,1.039041556956577,-130.94359999999995,0,0
2021-10-09 11:05:02.636519,1.028946383127936,-243.09080000000006,24,36
2021-10-09 11:05:02.783235,0.9885656878133746,-182.26520000000005,0,0
2021-10-09 11:05:02.930215,1.028946383127936,-28.300399999999968,0,0
2021-10-09 11:05:03.076892,1.0087560354706557,55.33479999999997,0,0
2021-10-09 11:05:03.223257,1.0693270784424982,30.624400000000037,0,0
2021-10-09 11:05:03.369404,1.049136730785217,28.723600000000033,0,0
2021-10-09 11:05:03.515512,1.0188512092992958,-427.4684,0,0
2021-10-09 11:05:03.661801,1.039041556956577,-227.88440000000003,0,0
2021-10-09 11:05:03.814448,1.0087560354706557,-233.58680000000004,0,0
2021-10-09 11:05:03.960806,1.1601836429002619,711.1108,0,0
2021-10-09 11:05:04.107075,0.9683753401560935,-693.5804,0,0
2021-10-09 11:05:04.253697,0.9683753401560935,294.8356,0,0
2021-10-09 11:05:04.400364,1.028946383127936,-54.91160000000002,0,0
2021-10-09 11:05:04.546786,1.039041556956577,-170.86040000000003,0,0
2021-10-09 11:05:04.693506,1.0895174260997784,102.85479999999995,0,0
2021-10-09 11:05:04.840280,1.0592319046138572,-56.812400000000025,0,0
2021-10-09 11:05:04.993429,0.9481849924988133,-744.902,0,0
2021-10-09 11:05:05.140387,1.0996125999284194,711.1108,0,0
2021-10-09 11:05:05.286549,1.1097077737570595,619.8724,0,0
2021-10-09 11:05:05.432864,1.039041556956577,353.7604,0,0
2021-10-09 11:05:05.579385,1.1097077737570595,-744.902,0,0
2021-10-09 11:05:05.725661,1.028946383127936,-227.88440000000003,0,0
2021-10-09 11:05:05.871987,0.9885656878133746,205.49800000000005,0,0
2021-10-09 11:05:06.018660,0.9582801663274534,89.54920000000004,0,0
2021-10-09 11:05:06.172281,0.9986608616420147,76.24360000000001,24,37
2021-10-09 11:05:06.319015,1.028946383127936,-7.3916000000000395,0,0
2021-10-09 11:05:06.465714,1.1500884690716209,399.3796,0,0
2021-10-09 11:05:06.612103,1.1198029475856996,521.0308,0,0
2021-10-09 11:05:06.759060,0.9178994710128912,-568.1276,0,0
2021-10-09 11:05:06.905578,1.0087560354706557,-91.02679999999998,0,0
2021-10-09 11:05:07.051781,1.1399932952429808,441.1972,0,0
2021-10-09 11:05:07.197940,1.0794222522711383,203.59720000000004,0,0
2021-10-09 11:05:07.350882,0.9986608616420147,85.74760000000003,24,37
2021-10-09 11:05:07.497127,0.9178994710128912,425.99080000000004,0,0
2021-10-09 11:05:07.643838,1.039041556956577,-26.399599999999964,0,0
2021-10-09 11:05:07.790028,0.9885656878133746,-461.68280000000004,0,0
2021-10-09 11:05:07.936187,1.0895174260997784,-528.2108000000001,0,0
2021-10-09 11:05:08.082883,1.1298981214143407,541.9396,0,0
2021-10-09 11:05:08.230727,0.9885656878133746,-75.82039999999995,0,0
2021-10-09 11:05:08.377354,1.0087560354706557,-241.19000000000005,0,0
2021-10-09 11:05:08.533094,1.0794222522711383,-35.90359999999998,0,0
2021-10-09 11:05:08.679914,1.028946383127936,133.26760000000002,0,0
2021-10-09 11:05:08.826566,0.9380898186701723,95.25160000000005,0,0
2021-10-09 11:05:08.973202,0.9986608616420147,243.514,0,0
2021-10-09 11:05:09.122295,1.0592319046138572,-340.0316,0,0
2021-10-09 11:05:09.268616,1.0794222522711383,287.2324,0,0
2021-10-09 11:05:09.417289,1.028946383127936,-216.4796,0,0
2021-10-09 11:05:09.563495,0.9986608616420147,256.8196,0,0
2021-10-09 11:05:09.716268,1.049136730785217,-205.07479999999998,24,37
2021-10-09 11:05:09.862510,0.9986608616420147,-49.20920000000001,0,0
2021-10-09 11:05:10.010807,1.0188512092992958,395.57800000000003,0,0
2021-10-09 11:05:10.156999,1.0592319046138572,-214.5788,0,0
2021-10-09 11:05:10.305213,1.039041556956577,270.1252,0,0
2021-10-09 11:05:10.451588,1.1399932952429808,437.3956,0,0
2021-10-09 11:05:10.598241,0.9784705139847345,-744.902,0,0
2021-10-09 11:05:10.744737,1.049136730785217,616.0708,0,0
2021-10-09 11:05:10.898037,0.9986608616420147,93.35080000000005,24,37
2021-10-09 11:05:11.044737,1.0693270784424982,711.1108,0,0
2021-10-09 11:05:11.191177,1.039041556956577,-528.2108000000001,0,0
2021-10-09 11:05:11.337656,1.0188512092992958,-594.7388000000001,0,0
2021-10-09 11:05:11.483755,1.039041556956577,-163.2572,0,0
2021-10-09 11:05:11.629859,1.0087560354706557,268.2244,0,0
2021-10-09 11:05:11.775754,1.049136730785217,-362.8412000000001,0,0
2021-10-09 11:05:11.921761,0.9986608616420147,47.73159999999996,0,0
2021-10-09 11:05:12.074259,1.039041556956577,175.0852,0,0
2021-10-09 11:05:12.220359,0.9784705139847345,-62.51480000000004,0,0
2021-10-09 11:05:12.366245,1.039041556956577,129.466,0,0
2021-10-09 11:05:12.512582,1.028946383127936,-197.47159999999997,0,0
2021-10-09 11:05:12.658989,1.028946383127936,218.80359999999996,0,0
2021-10-09 11:05:12.805276,0.9784705139847345,-1.689200000000028,0,0
2021-10-09 11:05:12.951625,1.039041556956577,370.8676,0,0
2021-10-09 11:05:13.098010,1.0188512092992958,125.6644,0,0
2021-10-09 11:05:13.250751,1.028946383127936,64.83879999999999,23,37
2021-10-09 11:05:13.397054,1.0087560354706557,146.57320000000004,0,0
2021-10-09 11:05:13.543036,1.0188512092992958,135.16840000000002,0,0
2021-10-09 11:05:13.689103,1.028946383127936,-338.1307999999999,0,0
2021-10-09 11:05:13.835159,1.049136730785217,116.16039999999998,0,0
2021-10-09 11:05:13.982492,1.0188512092992958,-180.36440000000005,0,0
2021-10-09 11:05:14.128605,1.049136730785217,133.26760000000002,0,0
2021-10-09 11:05:14.275014,1.028946383127936,-277.3052,0,0
2021-10-09 11:05:14.428435,1.039041556956577,-155.654,23,37
2021-10-09 11:05:14.575277,1.039041556956577,-68.21720000000005,0,0
2021-10-09 11:05:14.721747,1.039041556956577,-193.66999999999996,0,0
2021-10-09 11:05:14.868329,1.0693270784424982,300.538,0,0
2021-10-09 11:05:15.014683,1.0087560354706557,-214.5788,0,0
2021-10-09 11:05:15.161249,0.9986608616420147,97.15240000000006,0,0
2021-10-09 11:05:15.307118,1.0188512092992958,188.3908,0,0
2021-10-09 11:05:15.453185,1.0693270784424982,581.8564,0,0
2021-10-09 11:05:15.606177,0.9885656878133746,-51.110000000000014,23,37
2021-10-09 11:05:15.752280,1.0895174260997784,-1.689200000000028,0,0
2021-10-09 11:05:15.898426,1.039041556956577,-62.51480000000004,0,0
2021-10-09 11:05:16.044641,1.049136730785217,-220.2812,0,0
2021-10-09 11:05:16.190855,1.028946383127936,621.7732,0,0
2021-10-09 11:05:16.337629,1.0087560354706557,-231.68600000000004,0,0
2021-10-09 11:05:16.484212,1.0188512092992958,108.55719999999997,0,0
2021-10-09 11:05:16.633020,1.0087560354706557,399.3796,0,0
2021-10-09 11:05:16.786413,1.0188512092992958,-265.9004,23,37
2021-10-09 11:05:16.933001,0.9178994710128912,-151.8524,0,0
2021-10-09 11:05:17.079571,0.9481849924988133,205.49800000000005,0,0
2021-10-09 11:05:17.228636,1.0996125999284194,190.29160000000002,0,0
2021-10-09 11:05:17.375016,1.0794222522711383,102.85479999999995,0,0
2021-10-09 11:05:17.522670,0.9683753401560935,-22.597999999999956,0,0
2021-10-09 11:05:17.668781,0.9885656878133746,-560.5244,0,0
2021-10-09 11:05:17.814680,0.9784705139847345,-73.91959999999995,0,0
2021-10-09 11:05:17.967402,1.0188512092992958,270.1252,23,37
2021-10-09 11:05:18.115861,1.039041556956577,-744.902,0,0
2021-10-09 11:05:18.262173,1.0794222522711383,148.47400000000005,0,0
2021-10-09 11:05:18.409761,1.049136730785217,-35.90359999999998,0,0
2021-10-09 11:05:18.556294,0.9683753401560935,-263.9996,0,0
2021-10-09 11:05:18.702797,1.0996125999284194,587.5588,0,0
2021-10-09 11:05:18.849363,0.9986608616420147,40.128400000000056,0,0
2021-10-09 11:05:18.995710,1.0087560354706557,104.75559999999996,0,0
2021-10-09 11:05:19.149070,1.0188512092992958,422.1892,23,37
2021-10-09 11:05:19.295455,1.0592319046138572,-111.93560000000002,0,0
2021-10-09 11:05:19.441994,1.028946383127936,344.2564,0,0
2021-10-09 11:05:19.587977,1.0794222522711383,-14.994800000000055,0,0
2021-10-09 11:05:19.733919,0.9986608616420147,-123.34040000000005,0,0
2021-10-09 11:05:19.879920,1.028946383127936,241.6132,0,0
2021-10-09 11:05:20.026116,1.049136730785217,-254.49559999999997,0,0
2021-10-09 11:05:20.172116,1.028946383127936,-24.49879999999996,0,0
2021-10-09 11:05:20.325546,0.9986608616420147,-3.590000000000032,23,37
2021-10-09 11:05:20.471997,1.0188512092992958,-51.110000000000014,0,0
2021-10-09 11:05:20.618618,0.9885656878133746,353.7604,0,0
2021-10-09 11:05:20.765085,1.039041556956577,389.8756,0,0
2021-10-09 11:05:20.911736,1.039041556956577,97.15240000000006,0,0
2021-10-09 11:05:21.058327,1.049136730785217,-53.01080000000002,0,0
2021-10-09 11:05:21.204817,1.0188512092992958,-598.5404000000001,0,0
2021-10-09 11:05:21.350894,1.0693270784424982,64.83879999999999,0,0
2021-10-09 11:05:21.503173,1.0592319046138572,87.64840000000004,0,0
2021-10-09 11:05:21.649214,1.0693270784424982,-47.308400000000006,0,0
2021-10-09 11:05:21.795373,1.028946383127936,285.3316,0,0
2021-10-09 11:05:21.941515,1.0188512092992958,21.120400000000018,0,0
2021-10-09 11:05:22.087694,1.0188512092992958,-290.6107999999999,0,0
2021-10-09 11:05:22.233718,0.9380898186701723,-744.902,0,0
2021-10-09 11:05:22.380546,0.9380898186701723,-471.18679999999995,0,0
2021-10-09 11:05:22.527026,1.0693270784424982,157.97799999999995,0,0
2021-10-09 11:05:22.680352,0.907804297184251,-743.0011999999999,23,37
2021-10-09 11:05:22.826806,1.1198029475856996,713.0116,0,0
2021-10-09 11:05:22.973753,1.0087560354706557,-573.8299999999999,0,0
2021-10-09 11:05:23.120341,1.0087560354706557,-431.27,0,0
2021-10-09 11:05:23.266373,1.0693270784424982,336.6532,0,0
2021-10-09 11:05:23.412406,1.0188512092992958,-206.9756,0,0
2021-10-09 11:05:23.558517,1.028946383127936,121.8628,0,0
2021-10-09 11:05:23.704442,1.0188512092992958,378.4708,0,0
2021-10-09 11:05:23.857212,1.049136730785217,32.52520000000004,23,37
2021-10-09 11:05:24.003394,1.039041556956577,-73.91959999999995,0,0
2021-10-09 11:05:24.149510,1.0188512092992958,-246.89239999999995,0,0
2021-10-09 11:05:24.295874,1.049136730785217,21.120400000000018,0,0
2021-10-09 11:05:24.442534,1.0895174260997784,237.8116,0,0
2021-10-09 11:05:24.588966,1.039041556956577,-505.4012,0,0
2021-10-09 11:05:24.736669,1.0188512092992958,-224.08280000000002,0,0
2021-10-09 11:05:24.883138,0.9885656878133746,28.723600000000033,0,0
2021-10-09 11:05:25.036340,1.049136730785217,173.18439999999998,23,37
2021-10-09 11:05:25.182695,1.028946383127936,-121.43960000000004,0,0
2021-10-09 11:05:25.331479,1.0087560354706557,429.7924,0,0
2021-10-09 11:05:25.477427,0.9885656878133746,-505.4012,0,0
2021-10-09 11:05:25.626032,1.028946383127936,-176.56280000000004,0,0
2021-10-09 11:05:25.772093,1.028946383127936,142.77160000000003,0,0
2021-10-09 11:05:25.918261,1.0592319046138572,-446.4764,0,0
2021-10-09 11:05:26.064260,1.028946383127936,-197.47159999999997,0,0
2021-10-09 11:05:26.219129,0.9986608616420147,-7.3916000000000395,23,37
2021-10-09 11:05:26.365209,1.0794222522711383,298.6372,0,0
2021-10-09 11:05:26.513504,1.028946383127936,100.95399999999995,0,0
2021-10-09 11:05:26.660131,0.9986608616420147,-13.094000000000051,0,0
2021-10-09 11:05:26.806559,1.0087560354706557,32.52520000000004,0,0
2021-10-09 11:05:26.953067,0.9885656878133746,291.034,0,0
2021-10-09 11:05:27.099612,1.028946383127936,224.50599999999997,0,0
2021-10-09 11:05:27.246348,1.0592319046138572,-18.79639999999995,0,0
2021-10-09 11:05:27.399223,1.028946383127936,-129.04280000000006,23,37
2021-10-09 11:05:27.545305,1.049136730785217,-119.53880000000004,0,0
2021-10-09 11:05:27.691403,0.9683753401560935,256.8196,0,0
2021-10-09 11:05:27.837483,0.9986608616420147,36.32680000000005,0,0
2021-10-09 11:05:27.983484,1.049136730785217,207.39880000000005,0,0
2021-10-09 11:05:28.129718,1.049136730785217,-130.94359999999995,0,0
2021-10-09 11:05:28.275829,0.9885656878133746,-155.654,0,0
2021-10-09 11:05:28.422614,1.039041556956577,138.97000000000003,0,0
2021-10-09 11:05:28.576028,1.0592319046138572,137.06920000000002,23,37
2021-10-09 11:05:28.722628,1.039041556956577,-91.02679999999998,0,0
2021-10-09 11:05:28.869098,0.9885656878133746,133.26760000000002,0,0
2021-10-09 11:05:29.015605,1.028946383127936,277.7284,0,0
2021-10-09 11:05:29.162225,1.039041556956577,-243.09080000000006,0,0
2021-10-09 11:05:29.308699,1.0188512092992958,89.54920000000004,0,0
2021-10-09 11:05:29.454760,1.0087560354706557,112.35879999999997,0,0
2021-10-09 11:05:29.600825,1.0087560354706557,-182.26520000000005,0,0
2021-10-09 11:05:29.753690,1.049136730785217,89.54920000000004,0,0
2021-10-09 11:05:29.900061,0.9986608616420147,-73.91959999999995,0,0
2021-10-09 11:05:30.046060,1.049136730785217,163.68039999999996,0,0
2021-10-09 11:05:30.192594,1.039041556956577,-77.72119999999995,0,0
2021-10-09 11:05:30.339071,1.0188512092992958,-252.59479999999996,0,0
2021-10-09 11:05:30.485538,1.039041556956577,-271.6028000000001,0,0
2021-10-09 11:05:30.632126,1.0188512092992958,106.65639999999996,0,0
2021-10-09 11:05:30.778977,1.028946383127936,53.43399999999997,0,0
2021-10-09 11:05:30.932337,1.0794222522711383,-383.75,23,36
2021-10-09 11:05:31.078801,1.0087560354706557,49.63239999999996,0,0
2021-10-09 11:05:31.225333,1.049136730785217,-34.00279999999998,0,0
2021-10-09 11:05:31.371490,1.028946383127936,57.23559999999998,0,0
2021-10-09 11:05:31.517736,1.049136730785217,416.4868,0,0
2021-10-09 11:05:31.664283,1.0188512092992958,-119.53880000000004,0,0
2021-10-09 11:05:31.810489,1.049136730785217,-87.22519999999997,0,0
2021-10-09 11:05:31.956631,1.028946383127936,205.49800000000005,0,0
2021-10-09 11:05:32.109760,0.9986608616420147,262.522,23,36
2021-10-09 11:05:32.255829,1.049136730785217,32.52520000000004,0,0
2021-10-09 11:05:32.402138,1.049136730785217,152.27560000000005,0,0
2021-10-09 11:05:32.549018,1.0188512092992958,277.7284,0,0
2021-10-09 11:05:32.695405,1.0087560354706557,7.814799999999991,0,0
2021-10-09 11:05:32.842333,1.0087560354706557,-206.9756,0,0
2021-10-09 11:05:32.988780,1.0188512092992958,-167.05880000000002,0,0
2021-10-09 11:05:33.135209,1.039041556956577,-142.34839999999997,0,0
2021-10-09 11:05:33.287930,1.049136730785217,-233.58680000000004,23,36
2021-10-09 11:05:33.435878,1.0087560354706557,-62.51480000000004,0,0
2021-10-09 11:05:33.582289,0.9986608616420147,-132.84439999999995,0,0
2021-10-09 11:05:33.730830,0.9885656878133746,4.0131999999999834,0,0
2021-10-09 11:05:33.877075,1.0087560354706557,-75.82039999999995,0,0
2021-10-09 11:05:34.023179,1.039041556956577,226.40679999999998,0,0
2021-10-09 11:05:34.169200,0.9986608616420147,258.7204,0,0
2021-10-09 11:05:34.317747,1.049136730785217,-186.06680000000006,0,0
2021-10-09 11:05:34.470824,1.0087560354706557,13.517200000000003,0,0
2021-10-09 11:05:34.619783,1.039041556956577,-140.44759999999997,0,0
2021-10-09 11:05:34.766227,1.0087560354706557,-28.300399999999968,0,0
2021-10-09 11:05:34.912637,1.0087560354706557,61.037199999999984,0,0
2021-10-09 11:05:35.059022,1.049136730785217,-127.14200000000005,0,0
2021-10-09 11:05:35.205377,1.039041556956577,66.7396,0,0
2021-10-09 11:05:35.351962,1.028946383127936,43.92999999999995,0,0
2021-10-09 11:05:35.498034,1.028946383127936,-72.01880000000006,0,0
2021-10-09 11:05:35.650830,1.028946383127936,42.029199999999946,23,36
2021-10-09 11:05:35.796862,1.028946383127936,85.74760000000003,0,0
2021-10-09 11:05:35.943100,1.049136730785217,-239.28920000000005,0,0
2021-10-09 11:05:36.089146,1.028946383127936,-1.689200000000028,0,0
2021-10-09 11:05:36.235694,1.0188512092992958,-3.590000000000032,0,0
2021-10-09 11:05:36.381799,1.028946383127936,258.7204,0,0
2021-10-09 11:05:36.528511,1.028946383127936,36.32680000000005,0,0
2021-10-09 11:05:36.675084,1.049136730785217,-218.3804,0,0
2021-10-09 11:05:36.828294,1.0592319046138572,-302.01559999999995,23,36
2021-10-09 11:05:36.974825,1.028946383127936,-130.94359999999995,0,0
2021-10-09 11:05:37.121542,1.0087560354706557,-277.3052,0,0
2021-10-09 11:05:37.268147,1.0087560354706557,-269.702,0,0
2021-10-09 11:05:37.414626,1.039041556956577,-372.3452,0,0
2021-10-09 11:05:37.560906,1.049136730785217,-239.28920000000005,0,0
2021-10-09 11:05:37.706887,1.039041556956577,152.27560000000005,0,0
2021-10-09 11:05:37.853030,1.039041556956577,235.9108,0,0
2021-10-09 11:05:38.006148,1.039041556956577,76.24360000000001,23,36
2021-10-09 11:05:38.152379,1.0188512092992958,273.9268,0,0
2021-10-09 11:05:38.298553,1.0087560354706557,-34.00279999999998,0,0
2021-10-09 11:05:38.444963,1.0087560354706557,-182.26520000000005,0,0
2021-10-09 11:05:38.591650,1.0188512092992958,-43.5068,0,0
2021-10-09 11:05:38.738331,1.0592319046138572,-254.49559999999997,0,0
2021-10-09 11:05:38.885253,1.039041556956577,-134.74519999999995,0,0
2021-10-09 11:05:39.031911,1.039041556956577,-127.14200000000005,0,0
2021-10-09 11:05:39.185183,1.028946383127936,232.1092,23,36
2021-10-09 11:05:39.331898,1.039041556956577,-229.78520000000003,0,0
2021-10-09 11:05:39.478126,1.0188512092992958,129.466,0,0
2021-10-09 11:05:39.624139,0.9986608616420147,-75.82039999999995,0,0
2021-10-09 11:05:39.770421,0.9986608616420147,-216.4796,0,0
2021-10-09 11:05:39.916511,1.028946383127936,-168.95960000000002,0,0
2021-10-09 11:05:40.062631,1.0087560354706557,66.7396,0,0
2021-10-09 11:05:40.208591,0.9986608616420147,148.47400000000005,0,0
2021-10-09 11:05:40.361723,1.028946383127936,28.723600000000033,23,36
2021-10-09 11:05:40.508116,1.049136730785217,171.28359999999998,0,0
2021-10-09 11:05:40.654857,1.028946383127936,-77.72119999999995,0,0
2021-10-09 11:05:40.801545,0.9986608616420147,-568.1276,0,0
2021-10-09 11:05:40.948417,1.039041556956577,57.23559999999998,0,0
2021-10-09 11:05:41.095201,1.049136730785217,-168.95960000000002,0,0
2021-10-09 11:05:41.241573,1.0188512092992958,-119.53880000000004,0,0
2021-10-09 11:05:41.387560,0.9986608616420147,-174.66200000000003,0,0
2021-10-09 11:05:41.542658,1.039041556956577,-385.6508000000001,23,36
2021-10-09 11:05:41.688840,1.028946383127936,224.50599999999997,0,0
2021-10-09 11:05:41.837142,1.0087560354706557,186.49,0,0
2021-10-09 11:05:41.983167,1.028946383127936,-54.91160000000002,0,0
2021-10-09 11:05:42.129340,1.0087560354706557,-26.399599999999964,0,0
2021-10-09 11:05:42.275412,1.039041556956577,-205.07479999999998,0,0
2021-10-09 11:05:42.424262,1.049136730785217,125.6644,0,0
2021-10-09 11:05:42.570946,0.9986608616420147,15.418000000000006,0,0
2021-10-09 11:05:42.726514,0.9885656878133746,-187.96759999999995,23,36
2021-10-09 11:05:42.873146,1.028946383127936,-37.80439999999999,0,0
2021-10-09 11:05:43.019839,0.9986608616420147,-89.12599999999998,0,0
2021-10-09 11:05:43.166879,1.0693270784424982,241.6132,0,0
2021-10-09 11:05:43.314906,1.028946383127936,216.90279999999996,0,0
2021-10-09 11:05:43.461886,1.0188512092992958,-134.74519999999995,0,0
2021-10-09 11:05:43.608529,1.028946383127936,-351.43640000000005,0,0
2021-10-09 11:05:43.755355,1.039041556956577,114.25959999999998,0,0
2021-10-09 11:05:43.908723,1.0188512092992958,-195.57079999999996,23,35
2021-10-09 11:05:44.055438,0.9582801663274534,311.94280000000003,0,0
2021-10-09 11:05:44.201965,0.9784705139847345,-77.72119999999995,0,0
2021-10-09 11:05:44.348593,0.9784705139847345,45.830799999999954,0,0
2021-10-09 11:05:44.495301,1.0693270784424982,334.7524,0,0
2021-10-09 11:05:44.642355,1.0592319046138572,195.99400000000003,0,0
2021-10-09 11:05:44.788828,1.0693270784424982,-168.95960000000002,0,0
2021-10-09 11:05:44.935743,0.9885656878133746,-224.08280000000002,0,0
2021-10-09 11:05:45.089277,1.0087560354706557,298.6372,23,36
2021-10-09 11:05:45.236436,1.049136730785217,-172.76120000000003,0,0
2021-10-09 11:05:45.383232,1.039041556956577,23.02120000000002,0,0
2021-10-09 11:05:45.529865,1.0794222522711383,-119.53880000000004,0,0
2021-10-09 11:05:45.676509,0.9784705139847345,5.913999999999987,0,0
2021-10-09 11:05:45.822875,0.9784705139847345,323.3476,0,0
2021-10-09 11:05:45.969177,1.028946383127936,547.642,0,0
2021-10-09 11:05:46.115526,1.0087560354706557,192.19240000000002,0,0
2021-10-09 11:05:46.269011,1.0895174260997784,137.06920000000002,23,36
2021-10-09 11:05:46.417121,1.0188512092992958,156.07719999999995,0,0
2021-10-09 11:05:46.563900,1.0188512092992958,-134.74519999999995,0,0
2021-10-09 11:05:46.710578,1.0188512092992958,-47.308400000000006,0,0
2021-10-09 11:05:46.857354,0.9683753401560935,425.99080000000004,0,0
2021-10-09 11:05:47.004408,0.9784705139847345,199.79560000000004,0,0
2021-10-09 11:05:47.150982,1.028946383127936,216.90279999999996,0,0
2021-10-09 11:05:47.297673,1.049136730785217,-412.26199999999994,0,0
2021-10-09 11:05:47.450699,0.9784705139847345,-26.399599999999964,23,36
2021-10-09 11:05:47.597492,1.0895174260997784,234.01,0,0
2021-10-09 11:05:47.744160,0.9885656878133746,-269.702,0,0
2021-10-09 11:05:47.890751,0.9885656878133746,391.7764,0,0
2021-10-09 11:05:48.037326,1.0693270784424982,-157.5548,0,0
2021-10-09 11:05:48.183906,1.028946383127936,-123.34040000000005,0,0
2021-10-09 11:05:48.330699,1.0188512092992958,26.82280000000003,0,0
2021-10-09 11:05:48.477213,1.049136730785217,-231.68600000000004,0,0
2021-10-09 11:05:48.629678,1.0188512092992958,-134.74519999999995,0,0
2021-10-09 11:05:48.776697,1.049136730785217,-288.71000000000004,0,0
2021-10-09 11:05:48.923247,1.0188512092992958,-14.994800000000055,0,0
2021-10-09 11:05:49.069835,0.9986608616420147,-22.597999999999956,0,0
2021-10-09 11:05:49.216202,1.0087560354706557,260.6212,0,0
2021-10-09 11:05:49.362643,1.0188512092992958,19.219600000000014,0,0
2021-10-09 11:05:49.508851,1.0592319046138572,-94.82839999999999,0,0
2021-10-09 11:05:49.655431,1.028946383127936,80.04520000000002,0,0
2021-10-09 11:05:49.808781,1.0188512092992958,85.74760000000003,23,36
2021-10-09 11:05:49.955339,1.0087560354706557,-72.01880000000006,0,0
2021-10-09 11:05:50.101952,1.039041556956577,-225.98360000000002,0,0
2021-10-09 11:05:50.248594,1.0188512092992958,243.514,0,0
2021-10-09 11:05:50.395097,1.049136730785217,-43.5068,0,0
2021-10-09 11:05:50.544074,1.0188512092992958,-381.8492000000001,0,0
2021-10-09 11:05:50.690714,0.9986608616420147,-161.3564,0,0
2021-10-09 11:05:50.839679,1.049136730785217,275.8276,0,0
2021-10-09 11:05:50.992544,1.039041556956577,-303.91640000000007,23,36
2021-10-09 11:05:51.138815,1.0087560354706557,-73.91959999999995,0,0
2021-10-09 11:05:51.285064,1.0693270784424982,-26.399599999999964,0,0
2021-10-09 11:05:51.434139,0.9986608616420147,-18.79639999999995,0,0
2021-10-09 11:05:51.580336,0.9986608616420147,-302.01559999999995,0,0
2021-10-09 11:05:51.729506,1.049136730785217,222.60519999999997,0,0
2021-10-09 11:05:51.875912,1.039041556956577,195.99400000000003,0,0
2021-10-09 11:05:52.022488,1.049136730785217,-92.92759999999998,0,0
2021-10-09 11:05:52.175869,1.028946383127936,215.00199999999995,23,36
2021-10-09 11:05:52.323887,1.039041556956577,-14.994800000000055,0,0
2021-10-09 11:05:52.470614,1.0188512092992958,-43.5068,0,0
2021-10-09 11:05:52.617124,1.028946383127936,-100.5308,0,0
2021-10-09 11:05:52.763732,1.0188512092992958,-191.76919999999996,0,0
2021-10-09 11:05:52.910108,1.0087560354706557,-3.590000000000032,0,0
2021-10-09 11:05:53.056480,1.039041556956577,-258.2972,0,0
2021-10-09 11:05:53.202704,0.9986608616420147,-81.52279999999996,0,0
2021-10-09 11:05:53.355771,1.028946383127936,-49.20920000000001,23,36
2021-10-09 11:05:53.502027,1.028946383127936,188.3908,0,0
2021-10-09 11:05:53.648460,1.028946383127936,70.5412,0,0
2021-10-09 11:05:53.794675,1.028946383127936,133.26760000000002,0,0
2021-10-09 11:05:53.941015,1.049136730785217,-121.43960000000004,0,0
2021-10-09 11:05:54.087413,1.028946383127936,262.522,0,0
2021-10-09 11:05:54.234212,1.049136730785217,-227.88440000000003,0,0
2021-10-09 11:05:54.380650,1.028946383127936,-130.94359999999995,0,0
2021-10-09 11:05:54.534231,0.9885656878133746,-24.49879999999996,23,35
2021-10-09 11:05:54.680507,1.0188512092992958,306.2404,0,0
2021-10-09 11:05:54.826877,1.0188512092992958,152.27560000000005,0,0
2021-10-09 11:05:54.973267,1.039041556956577,237.8116,0,0
2021-10-09 11:05:55.120617,1.0996125999284194,-741.1004,0,0
2021-10-09 11:05:55.266956,1.0188512092992958,-148.05079999999998,0,0
2021-10-09 11:05:55.413537,1.0188512092992958,-47.308400000000006,0,0
2021-10-09 11:05:55.560328,0.9986608616420147,-87.22519999999997,0,0
2021-10-09 11:05:55.713497,1.039041556956577,209.29960000000005,0,0
2021-10-09 11:05:55.860059,1.0188512092992958,-60.61400000000003,0,0
2021-10-09 11:05:56.006506,1.0087560354706557,140.87080000000003,0,0
2021-10-09 11:05:56.153918,0.9986608616420147,-376.1468,0,0
2021-10-09 11:05:56.300512,1.0592319046138572,-296.31320000000005,0,0
2021-10-09 11:05:56.446909,1.0087560354706557,57.23559999999998,0,0
2021-10-09 11:05:56.593146,1.028946383127936,-391.3532,0,0
2021-10-09 11:05:56.739352,1.0592319046138572,32.52520000000004,0,0
2021-10-09 11:05:56.891912,1.0188512092992958,131.3668,0,0
2021-10-09 11:05:57.038215,1.028946383127936,192.19240000000002,0,0
2021-10-09 11:05:57.185007,1.0188512092992958,-30.20119999999997,0,0
2021-10-09 11:05:57.331303,0.9885656878133746,216.90279999999996,0,0
2021-10-09 11:05:57.478048,1.039041556956577,-115.73720000000003,0,0
2021-10-09 11:05:57.624556,1.0592319046138572,28.723600000000033,0,0
2021-10-09 11:05:57.771185,1.049136730785217,81.94600000000003,0,0
2021-10-09 11:05:57.917655,1.028946383127936,36.32680000000005,0,0
2021-10-09 11:05:58.071023,1.028946383127936,-149.95159999999998,23,35
2021-10-09 11:05:58.217349,1.0188512092992958,-227.88440000000003,0,0
2021-10-09 11:05:58.363746,0.9986608616420147,30.624400000000037,0,0
2021-10-09 11:05:58.510104,1.0087560354706557,-254.49559999999997,0,0
2021-10-09 11:05:58.656409,1.028946383127936,-56.812400000000025,0,0
2021-10-09 11:05:58.802531,1.028946383127936,-110.03480000000002,0,0
2021-10-09 11:05:58.950390,1.0087560354706557,-91.02679999999998,0,0
2021-10-09 11:05:59.096711,1.0188512092992958,425.99080000000004,0,0
2021-10-09 11:05:59.250083,1.028946383127936,-75.82039999999995,23,35
2021-10-09 11:05:59.396263,0.9885656878133746,23.02120000000002,0,0
2021-10-09 11:05:59.545284,1.0087560354706557,51.533199999999965,0,0
2021-10-09 11:05:59.691707,1.0592319046138572,-106.23320000000001,0,0
2021-10-09 11:05:59.840786,1.0188512092992958,334.7524,0,0
2021-10-09 11:05:59.987164,0.9986608616420147,144.67240000000004,0,0
2021-10-09 11:06:00.133438,1.028946383127936,-121.43960000000004,0,0
2021-10-09 11:06:00.279775,1.039041556956577,-307.7180000000001,0,0
2021-10-09 11:06:00.434558,1.028946383127936,-140.44759999999997,23,35
2021-10-09 11:06:00.581087,1.039041556956577,142.77160000000003,0,0
2021-10-09 11:06:00.729226,1.0087560354706557,-203.17399999999998,0,0
2021-10-09 11:06:00.875580,1.028946383127936,-321.0236,0,0
2021-10-09 11:06:01.022314,1.0188512092992958,-89.12599999999998,0,0
2021-10-09 11:06:01.170304,1.0895174260997784,-16.895599999999945,0,0
2021-10-09 11:06:01.316587,1.049136730785217,-39.70519999999999,0,0
2021-10-09 11:06:01.463011,1.039041556956577,237.8116,0,0
2021-10-09 11:06:01.616215,1.049136730785217,254.91880000000003,23,35
2021-10-09 11:06:01.762673,1.049136730785217,171.28359999999998,0,0
2021-10-09 11:06:01.909027,1.0087560354706557,-448.3771999999999,0,0
2021-10-09 11:06:02.055210,1.0895174260997784,-225.98360000000002,0,0
2021-10-09 11:06:02.201277,1.028946383127936,9.715599999999995,0,0
2021-10-09 11:06:02.347962,0.9279946448415322,-739.1995999999999,0,0
2021-10-09 11:06:02.494029,1.0996125999284194,-739.1995999999999,0,0
2021-10-09 11:06:02.640659,0.9380898186701723,304.3396,0,0
2021-10-09 11:06:02.793771,1.028946383127936,-727.7948000000001,23,35
2021-10-09 11:06:02.940011,1.0693270784424982,262.522,0,0
2021-10-09 11:06:03.086391,1.0794222522711383,-509.2028,0,0
2021-10-09 11:06:03.233051,0.9178994710128912,-739.1995999999999,0,0
2021-10-09 11:06:03.380303,0.9481849924988133,-11.193200000000047,0,0
2021-10-09 11:06:03.526740,1.0592319046138572,-7.3916000000000395,0,0
2021-10-09 11:06:03.673161,1.028946383127936,-307.7180000000001,0,0
2021-10-09 11:06:03.819419,1.049136730785217,36.32680000000005,0,0
2021-10-09 11:06:03.972472,1.028946383127936,-51.110000000000014,0,0
2021-10-09 11:06:04.118708,1.028946383127936,-262.0988,0,0
2021-10-09 11:06:04.264928,1.0188512092992958,159.87879999999996,0,0
2021-10-09 11:06:04.411127,0.9784705139847345,26.82280000000003,0,0
2021-10-09 11:06:04.557292,1.0188512092992958,-189.86839999999995,0,0
2021-10-09 11:06:04.703397,1.0188512092992958,180.7876,0,0
2021-10-09 11:06:04.849696,0.9885656878133746,119.96199999999999,0,0
2021-10-09 11:06:04.996065,0.9885656878133746,-104.3324,0,0
2021-10-09 11:06:05.149376,0.9986608616420147,-281.1068,23,35
2021-10-09 11:06:05.295838,1.0188512092992958,80.04520000000002,0,0
2021-10-09 11:06:05.442106,1.039041556956577,-321.0236,0,0
2021-10-09 11:06:05.588488,1.0188512092992958,89.54920000000004,0,0
2021-10-09 11:06:05.734529,1.039041556956577,118.06119999999999,0,0
2021-10-09 11:06:05.880941,1.028946383127936,175.0852,0,0
2021-10-09 11:06:06.027064,1.0188512092992958,251.11720000000003,0,0
2021-10-09 11:06:06.173330,1.049136730785217,-319.1228000000001,0,0
2021-10-09 11:06:06.326575,1.028946383127936,159.87879999999996,23,35
2021-10-09 11:06:06.472954,1.0794222522711383,104.75559999999996,0,0
2021-10-09 11:06:06.619061,1.0087560354706557,85.74760000000003,0,0
2021-10-09 11:06:06.765547,0.9784705139847345,-482.59159999999997,0,0
2021-10-09 11:06:06.911932,0.9784705139847345,30.624400000000037,0,0
2021-10-09 11:06:07.058430,0.9582801663274534,215.00199999999995,0,0
2021-10-09 11:06:07.204752,0.9986608616420147,-739.1995999999999,0,0
2021-10-09 11:06:07.351186,1.028946383127936,-83.42359999999996,0,0
2021-10-09 11:06:07.504124,1.049136730785217,-634.6556,0,0
2021-10-09 11:06:07.652205,1.049136730785217,100.95399999999995,0,0
2021-10-09 11:06:07.798431,0.9986608616420147,190.29160000000002,0,0
2021-10-09 11:06:07.947936,0.9986608616420147,-16.895599999999945,0,0
2021-10-09 11:06:08.094303,1.0188512092992958,112.35879999999997,0,0
2021-10-09 11:06:08.240476,1.039041556956577,161.77959999999996,0,0
2021-10-09 11:06:08.386702,1.039041556956577,-94.82839999999999,0,0
2021-10-09 11:06:08.535586,1.0592319046138572,13.517200000000003,0,0
2021-10-09 11:06:08.689296,1.049136730785217,-28.300399999999968,23,35
2021-10-09 11:06:08.838216,1.049136730785217,321.4468,0,0
2021-10-09 11:06:08.984663,1.049136730785217,-273.5036,0,0
2021-10-09 11:06:09.130984,1.039041556956577,-379.9484,0,0
2021-10-09 11:06:09.277299,0.9885656878133746,-22.597999999999956,0,0
2021-10-09 11:06:09.423555,1.049136730785217,216.90279999999996,0,0
2021-10-09 11:06:09.570004,1.0592319046138572,-32.101999999999975,0,0
2021-10-09 11:06:09.716223,1.0693270784424982,462.106,0,0
2021-10-09 11:06:09.869772,1.049136730785217,19.219600000000014,23,35
2021-10-09 11:06:10.015880,1.049136730785217,-237.38840000000005,0,0
2021-10-09 11:06:10.162018,1.1198029475856996,492.5188,0,0
2021-10-09 11:06:10.308008,1.0188512092992958,-402.75800000000004,0,0
2021-10-09 11:06:10.454387,1.039041556956577,100.95399999999995,0,0
2021-10-09 11:06:10.600744,1.0188512092992958,59.13639999999998,0,0
2021-10-09 11:06:10.747299,1.049136730785217,-222.18200000000002,0,0
2021-10-09 11:06:10.893675,0.9986608616420147,-454.0796,0,0
2021-10-09 11:06:11.047060,1.049136730785217,161.77959999999996,23,35
2021-10-09 11:06:11.193435,0.9885656878133746,-404.6587999999999,0,0
2021-10-09 11:06:11.340166,1.1198029475856996,-309.61879999999996,0,0
2021-10-09 11:06:11.486665,1.028946383127936,-739.1995999999999,0,0
2021-10-09 11:06:11.634679,0.9380898186701723,-125.24120000000005,0,0
2021-10-09 11:06:11.780931,1.0895174260997784,-435.0716,0,0
2021-10-09 11:06:11.927110,1.0895174260997784,-91.02679999999998,0,0
2021-10-09 11:06:12.073267,1.049136730785217,-246.89239999999995,0,0
2021-10-09 11:06:12.226729,0.9885656878133746,-83.42359999999996,23,35
2021-10-09 11:06:12.373077,1.039041556956577,64.83879999999999,0,0
2021-10-09 11:06:12.519356,1.0188512092992958,-5.490800000000036,0,0
2021-10-09 11:06:12.665559,1.049136730785217,-389.4523999999999,0,0
2021-10-09 11:06:12.812229,1.049136730785217,-187.96759999999995,0,0
2021-10-09 11:06:12.958915,1.0087560354706557,-315.3212000000001,0,0
2021-10-09 11:06:13.105657,1.049136730785217,163.68039999999996,0,0
2021-10-09 11:06:13.252610,1.0087560354706557,-157.5548,0,0
2021-10-09 11:06:13.406424,1.0592319046138572,-9.292400000000043,23,35
2021-10-09 11:06:13.553091,1.028946383127936,9.715599999999995,0,0
2021-10-09 11:06:13.699770,1.049136730785217,-176.56280000000004,0,0
2021-10-09 11:06:13.845871,1.0188512092992958,19.219600000000014,0,0
2021-10-09 11:06:13.992304,1.0188512092992958,-205.07479999999998,0,0
2021-10-09 11:06:14.138542,1.028946383127936,572.3524,0,0
2021-10-09 11:06:14.286116,1.0188512092992958,378.4708,0,0
2021-10-09 11:06:14.432429,1.0592319046138572,51.533199999999965,0,0
2021-10-09 11:06:14.586162,0.8371380803837685,-218.3804,23,36
2021-10-09 11:06:14.732602,1.0693270784424982,114.25959999999998,0,0
2021-10-09 11:06:14.879403,0.9885656878133746,142.77160000000003,0,0
2021-10-09 11:06:15.026247,1.0592319046138572,-290.6107999999999,0,0
2021-10-09 11:06:15.173154,1.049136730785217,-182.26520000000005,0,0
2021-10-09 11:06:15.320365,0.9481849924988133,68.6404,0,0
2021-10-09 11:06:15.466767,1.0188512092992958,287.2324,0,0
2021-10-09 11:06:15.613120,1.0693270784424982,-142.34839999999997,0,0
2021-10-09 11:06:15.766598,1.0693270784424982,40.128400000000056,23,36
2021-10-09 11:06:15.912764,1.049136730785217,171.28359999999998,0,0
2021-10-09 11:06:16.059427,0.9986608616420147,-178.46360000000004,0,0
2021-10-09 11:06:16.205453,1.0188512092992958,-132.84439999999995,0,0
2021-10-09 11:06:16.351565,1.049136730785217,224.50599999999997,0,0
2021-10-09 11:06:16.497734,0.9986608616420147,-68.21720000000005,0,0
2021-10-09 11:06:16.646162,1.049136730785217,144.67240000000004,0,0
2021-10-09 11:06:16.792673,0.9986608616420147,-96.72919999999999,0,0
2021-10-09 11:06:16.948659,1.028946383127936,422.1892,23,36
2021-10-09 11:06:17.095380,1.028946383127936,-102.4316,0,0
2021-10-09 11:06:17.242033,1.0087560354706557,197.89480000000003,0,0
2021-10-09 11:06:17.388451,0.9582801663274534,-360.94039999999995,0,0
2021-10-09 11:06:17.537212,1.1097077737570595,89.54920000000004,0,0
2021-10-09 11:06:17.683803,1.028946383127936,-351.43640000000005,0,0
2021-10-09 11:06:17.831797,0.9683753401560935,100.95399999999995,0,0
2021-10-09 11:06:17.978349,1.0188512092992958,83.84680000000003,0,0
2021-10-09 11:06:18.131294,1.028946383127936,-60.61400000000003,23,36
2021-10-09 11:06:18.277346,1.0794222522711383,-81.52279999999996,0,0
2021-10-09 11:06:18.423455,0.9784705139847345,150.37480000000005,0,0
2021-10-09 11:06:18.569608,1.028946383127936,110.45799999999997,0,0
2021-10-09 11:06:18.715804,0.9986608616420147,-573.8299999999999,0,0
2021-10-09 11:06:18.862364,1.028946383127936,-115.73720000000003,0,0
2021-10-09 11:06:19.008957,0.9885656878133746,-70.11800000000005,0,0
2021-10-09 11:06:19.155462,0.9885656878133746,-231.68600000000004,0,0
2021-10-09 11:06:19.309211,1.0794222522711383,-129.04280000000006,23,36
2021-10-09 11:06:19.456045,1.049136730785217,-159.4556,0,0
2021-10-09 11:06:19.602626,1.0794222522711383,-243.09080000000006,0,0
2021-10-09 11:06:19.749442,1.028946383127936,-281.1068,0,0
2021-10-09 11:06:19.895732,0.9683753401560935,-406.55960000000005,0,0
2021-10-09 11:06:20.042080,1.0996125999284194,380.3716,0,0
2021-10-09 11:06:20.188127,1.0693270784424982,-146.14999999999998,0,0
2021-10-09 11:06:20.334364,0.9784705139847345,-165.15800000000002,0,0
2021-10-09 11:06:20.487109,1.028946383127936,-56.812400000000025,23,36
2021-10-09 11:06:20.633547,1.0693270784424982,-98.63,0,0
2021-10-09 11:06:20.779658,1.0895174260997784,0.2115999999999758,0,0
2021-10-09 11:06:20.926064,1.0188512092992958,313.8436,0,0
2021-10-09 11:06:21.072588,0.9885656878133746,-294.41239999999993,0,0
2021-10-09 11:06:21.219326,0.9784705139847345,-609.9452000000001,0,0
2021-10-09 11:06:21.365867,1.039041556956577,-258.2972,0,0
2021-10-09 11:06:21.512545,1.049136730785217,9.715599999999995,0,0
2021-10-09 11:06:21.665921,0.9885656878133746,-189.86839999999995,23,36
2021-10-09 11:06:21.812425,1.0592319046138572,-307.7180000000001,0,0
2021-10-09 11:06:21.958808,1.039041556956577,281.53000000000003,0,0
2021-10-09 11:06:22.105062,1.0693270784424982,-674.5724,0,0
2021-10-09 11:06:22.251163,1.039041556956577,-395.1548,0,0
2021-10-09 11:06:22.397302,1.0188512092992958,188.3908,0,0
2021-10-09 11:06:22.543492,1.0087560354706557,317.6452,0,0
2021-10-09 11:06:22.689655,0.9481849924988133,180.7876,0,0
2021-10-09 11:06:22.842877,1.039041556956577,-24.49879999999996,0,0
2021-10-09 11:06:22.989626,0.8876139495269699,300.538,0,0
2021-10-09 11:06:23.136098,0.9986608616420147,384.1732,0,0
2021-10-09 11:06:23.283101,1.049136730785217,-244.99160000000006,0,0
2021-10-09 11:06:23.429719,1.028946383127936,116.16039999999998,0,0
2021-10-09 11:06:23.576115,1.0188512092992958,342.3556,0,0
2021-10-09 11:06:23.722775,0.9481849924988133,302.4388,0,0
2021-10-09 11:06:23.869209,1.0592319046138572,173.18439999999998,0,0
2021-10-09 11:06:24.022289,1.039041556956577,-404.6587999999999,23,36
2021-10-09 11:06:24.168601,1.039041556956577,2.1123999999999796,0,0
2021-10-09 11:06:24.314809,1.0794222522711383,720.6148000000001,0,0
2021-10-09 11:06:24.460907,0.8371380803837685,-370.4444000000001,0,0
2021-10-09 11:06:24.607094,0.9380898186701723,-737.2988,0,0
2021-10-09 11:06:24.755386,1.170278816728902,720.6148000000001,0,0
2021-10-09 11:06:24.901933,1.0693270784424982,-197.47159999999997,0,0
2021-10-09 11:06:25.050859,1.049136730785217,720.6148000000001,0,0
2021-10-09 11:06:25.203850,1.1198029475856996,720.6148000000001,0,0
2021-10-09 11:06:25.350536,1.0188512092992958,-355.23800000000006,0,0
2021-10-09 11:06:25.496921,1.0693270784424982,34.426000000000045,0,0
2021-10-09 11:06:25.645785,0.9986608616420147,-283.0075999999999,0,0
2021-10-09 11:06:25.792357,1.0693270784424982,-248.79319999999996,0,0
2021-10-09 11:06:25.941272,1.1097077737570595,697.8052,0,0
2021-10-09 11:06:26.087515,1.028946383127936,-250.69399999999996,0,0
2021-10-09 11:06:26.233781,1.0188512092992958,332.8516,0,0
2021-10-09 11:06:26.386731,1.039041556956577,490.618,23,36
2021-10-09 11:06:26.534437,0.9784705139847345,26.82280000000003,0,0
2021-10-09 11:06:26.680797,0.9683753401560935,61.037199999999984,0,0
2021-10-09 11:06:26.827017,1.0188512092992958,-142.34839999999997,0,0
2021-10-09 11:06:26.973464,1.0592319046138572,-214.5788,0,0
2021-10-09 11:06:27.120068,1.0592319046138572,211.20040000000006,0,0
2021-10-09 11:06:27.266836,0.9986608616420147,-121.43960000000004,0,0
2021-10-09 11:06:27.413466,1.039041556956577,36.32680000000005,0,0
2021-10-09 11:06:27.566865,0.8472332542124086,287.2324,23,36
2021-10-09 11:06:27.713312,0.9683753401560935,-267.8012000000001,0,0
2021-10-09 11:06:27.860394,1.0592319046138572,205.49800000000005,0,0
2021-10-09 11:06:28.006865,1.049136730785217,184.5892,0,0
2021-10-09 11:06:28.153039,0.9986608616420147,540.0388,0,0
2021-10-09 11:06:28.299206,0.9986608616420147,327.1492,0,0
2021-10-09 11:06:28.445591,1.039041556956577,-18.79639999999995,0,0
2021-10-09 11:06:28.591853,0.9784705139847345,-64.41560000000004,0,0
2021-10-09 11:06:28.745246,0.9986608616420147,-537.7148,23,35
2021-10-09 11:06:28.891442,0.9885656878133746,-3.590000000000032,0,0
2021-10-09 11:06:29.037642,1.049136730785217,319.546,0,0
2021-10-09 11:06:29.184179,1.0794222522711383,376.57,0,0
2021-10-09 11:06:29.331197,0.9683753401560935,108.55719999999997,0,0
2021-10-09 11:06:29.477832,1.028946383127936,237.8116,0,0
2021-10-09 11:06:29.624740,1.049136730785217,-174.66200000000003,0,0
2021-10-09 11:06:29.771423,1.0693270784424982,-111.93560000000002,0,0
2021-10-09 11:06:29.924938,1.0087560354706557,135.16840000000002,23,35
2021-10-09 11:06:30.071593,1.039041556956577,-244.99160000000006,0,0
2021-10-09 11:06:30.218490,1.0996125999284194,87.64840000000004,0,0
2021-10-09 11:06:30.364687,1.0592319046138572,-309.61879999999996,0,0
2021-10-09 11:06:30.510950,1.0087560354706557,213.10119999999995,0,0
2021-10-09 11:06:30.657005,0.9279946448415322,-378.0476000000001,0,0
2021-10-09 11:06:30.803061,1.0592319046138572,89.54920000000004,0,0
2021-10-09 11:06:30.949267,1.049136730785217,178.8868,0,0
2021-10-09 11:06:31.102883,1.039041556956577,720.6148000000001,0,0
2021-10-09 11:06:31.249043,1.028946383127936,142.77160000000003,0,0
2021-10-09 11:06:31.395834,0.9986608616420147,-214.5788,0,0
2021-10-09 11:06:31.542612,1.0188512092992958,-144.24919999999997,0,0
2021-10-09 11:06:31.689332,0.9885656878133746,-73.91959999999995,0,0
2021-10-09 11:06:31.835879,1.049136730785217,-298.21399999999994,0,0
2021-10-09 11:06:31.982871,1.028946383127936,188.3908,0,0
2021-10-09 11:06:32.129257,1.0087560354706557,127.5652,0,0
2021-10-09 11:06:32.282141,1.0693270784424982,386.074,0,0
2021-10-09 11:06:32.428410,1.049136730785217,176.986,0,0
2021-10-09 11:06:32.574493,1.028946383127936,-39.70519999999999,0,0
2021-10-09 11:06:32.720839,0.9986608616420147,260.6212,0,0
2021-10-09 11:06:32.867089,1.0592319046138572,-110.03480000000002,0,0
2021-10-09 11:06:33.013573,1.049136730785217,-51.110000000000014,0,0
2021-10-09 11:06:33.161200,1.039041556956577,-3.590000000000032,0,0
2021-10-09 11:06:33.307793,1.049136730785217,146.57320000000004,0,0
2021-10-09 11:06:33.461106,1.0188512092992958,-96.72919999999999,23,35
2021-10-09 11:06:33.607648,1.0188512092992958,-138.54679999999996,0,0
2021-10-09 11:06:33.756936,1.049136730785217,85.74760000000003,0,0
2021-10-09 11:06:33.903527,1.0188512092992958,720.6148000000001,0,0
2021-10-09 11:06:34.052593,1.039041556956577,78.14440000000002,0,0
2021-10-09 11:06:34.199369,1.039041556956577,-262.0988,0,0
2021-10-09 11:06:34.345623,0.9986608616420147,311.94280000000003,0,0
2021-10-09 11:06:34.491830,1.039041556956577,121.8628,0,0
2021-10-09 11:06:34.646991,1.039041556956577,-49.20920000000001,23,35
2021-10-09 11:06:34.793096,1.049136730785217,85.74760000000003,0,0
2021-10-09 11:06:34.941789,1.0188512092992958,45.830799999999954,0,0
2021-10-09 11:06:35.088105,0.9481849924988133,171.28359999999998,0,0
2021-10-09 11:06:35.234225,1.0087560354706557,-267.8012000000001,0,0
2021-10-09 11:06:35.380361,1.028946383127936,-30.20119999999997,0,0
2021-10-09 11:06:35.526908,1.0592319046138572,-96.72919999999999,0,0
2021-10-09 11:06:35.674112,1.049136730785217,-106.23320000000001,0,0
2021-10-09 11:06:35.827959,0.9784705139847345,-37.80439999999999,23,35
2021-10-09 11:06:35.974535,1.0895174260997784,83.84680000000003,0,0
2021-10-09 11:06:36.121160,1.028946383127936,165.58119999999997,0,0
2021-10-09 11:06:36.267940,0.9986608616420147,-220.2812,0,0
2021-10-09 11:06:36.414545,0.9986608616420147,-64.41560000000004,0,0
2021-10-09 11:06:36.560836,1.0188512092992958,38.22760000000005,0,0
2021-10-09 11:06:36.706891,1.039041556956577,-205.07479999999998,0,0
2021-10-09 11:06:36.853201,0.9885656878133746,-58.71320000000003,0,0
2021-10-09 11:06:37.006365,1.028946383127936,72.44200000000001,23,35
2021-10-09 11:06:37.152610,1.049136730785217,26.82280000000003,0,0
2021-10-09 11:06:37.298723,1.0087560354706557,76.24360000000001,0,0
2021-10-09 11:06:37.444919,1.049136730785217,-514.9051999999999,0,0
2021-10-09 11:06:37.591548,1.0087560354706557,51.533199999999965,0,0
2021-10-09 11:06:37.738455,1.028946383127936,108.55719999999997,0,0
2021-10-09 11:06:37.885071,1.0087560354706557,34.426000000000045,0,0
2021-10-09 11:06:38.031761,1.0188512092992958,287.2324,0,0
2021-10-09 11:06:38.185306,1.0592319046138572,-168.95960000000002,23,35
2021-10-09 11:06:38.332421,1.039041556956577,87.64840000000004,0,0
2021-10-09 11:06:38.479108,1.039041556956577,-100.5308,0,0
2021-10-09 11:06:38.625767,1.039041556956577,-383.75,0,0
2021-10-09 11:06:38.772195,1.028946383127936,-28.300399999999968,0,0
2021-10-09 11:06:38.918520,0.9885656878133746,-281.1068,0,0
2021-10-09 11:06:39.064701,1.0188512092992958,133.26760000000002,0,0
2021-10-09 11:06:39.210997,1.028946383127936,83.84680000000003,0,0
2021-10-09 11:06:39.364817,1.028946383127936,180.7876,0,0
2021-10-09 11:06:39.511114,1.039041556956577,-113.83640000000003,0,0
2021-10-09 11:06:39.658308,1.028946383127936,-104.3324,0,0
2021-10-09 11:06:39.806086,1.028946383127936,-85.32439999999997,0,0
2021-10-09 11:06:39.953339,1.028946383127936,80.04520000000002,0,0
2021-10-09 11:06:40.100512,1.028946383127936,135.16840000000002,0,0
2021-10-09 11:06:40.247747,1.0188512092992958,137.06920000000002,0,0
2021-10-09 11:06:40.395467,1.0188512092992958,412.6852,0,0
2021-10-09 11:06:40.549179,1.028946383127936,211.20040000000006,23,35
2021-10-09 11:06:40.696532,1.0087560354706557,272.026,0,0
2021-10-09 11:06:40.842737,1.0188512092992958,190.29160000000002,0,0
2021-10-09 11:06:40.989530,1.0087560354706557,83.84680000000003,0,0
2021-10-09 11:06:41.135843,1.0188512092992958,-222.18200000000002,0,0
2021-10-09 11:06:41.282645,1.028946383127936,-110.03480000000002,0,0
2021-10-09 11:06:41.429274,1.049136730785217,-125.24120000000005,0,0
2021-10-09 11:06:41.575332,1.039041556956577,-146.14999999999998,0,0
2021-10-09 11:06:41.729639,1.049136730785217,-193.66999999999996,23,35
2021-10-09 11:06:41.876923,1.028946383127936,-130.94359999999995,0,0
2021-10-09 11:06:42.024286,0.9986608616420147,-155.654,0,0
2021-10-09 11:06:42.171668,1.0087560354706557,80.04520000000002,0,0
2021-10-09 11:06:42.319288,1.0188512092992958,55.33479999999997,0,0
2021-10-09 11:06:42.466585,1.039041556956577,4.0131999999999834,0,0
2021-10-09 11:06:42.613843,1.039041556956577,42.029199999999946,0,0
2021-10-09 11:06:42.765209,1.0087560354706557,163.68039999999996,0,0
2021-10-09 11:06:42.918870,1.028946383127936,-28.300399999999968,23,35
2021-10-09 11:06:43.069133,1.039041556956577,-58.71320000000003,0,0
2021-10-09 11:06:43.216319,0.9986608616420147,-267.8012000000001,0,0
2021-10-09 11:06:43.362567,1.039041556956577,-75.82039999999995,0,0
2021-10-09 11:06:43.508700,0.9885656878133746,332.8516,0,0
2021-10-09 11:06:43.659654,0.9481849924988133,-35.90359999999998,0,0
2021-10-09 11:06:43.805784,1.0693270784424982,80.04520000000002,0,0
2021-10-09 11:06:43.955119,1.028946383127936,74.34280000000001,0,0
2021-10-09 11:06:44.108166,1.039041556956577,116.16039999999998,23,35
2021-10-09 11:06:44.254143,1.028946383127936,-66.31640000000004,0,0
2021-10-09 11:06:44.400149,1.0087560354706557,36.32680000000005,0,0
2021-10-09 11:06:44.551169,1.049136730785217,87.64840000000004,0,0
2021-10-09 11:06:44.697422,0.9986608616420147,-140.44759999999997,0,0
2021-10-09 11:06:44.845655,1.0087560354706557,9.715599999999995,0,0
2021-10-09 11:06:44.992188,1.0188512092992958,-43.5068,0,0
2021-10-09 11:06:45.139349,1.049136730785217,-94.82839999999999,0,0
2021-10-09 11:06:45.292824,1.0087560354706557,-254.49559999999997,0,0
2021-10-09 11:06:45.441149,1.028946383127936,129.466,0,0
2021-10-09 11:06:45.587509,1.028946383127936,159.87879999999996,0,0
2021-10-09 11:06:45.734065,0.9683753401560935,-334.3291999999999,0,0
2021-10-09 11:06:45.880865,1.0188512092992958,17.31880000000001,0,0
2021-10-09 11:06:46.027174,1.190469164386183,-505.4012,0,0
2021-10-09 11:06:46.173233,1.1097077737570595,201.69640000000004,0,0
2021-10-09 11:06:46.319467,0.9481849924988133,-537.7148,0,0
2021-10-09 11:06:46.472509,1.028946383127936,389.8756,23,35
2021-10-09 11:06:46.618749,0.9885656878133746,-187.96759999999995,0,0
2021-10-09 11:06:46.765106,1.0087560354706557,148.47400000000005,0,0
2021-10-09 11:06:46.912845,1.0693270784424982,298.6372,0,0
2021-10-09 11:06:47.059080,1.0895174260997784,-676.4731999999999,0,0
2021-10-09 11:06:47.205285,0.9784705139847345,-735.3979999999999,0,0
2021-10-09 11:06:47.351933,1.028946383127936,319.546,0,0
2021-10-09 11:06:47.498282,1.0996125999284194,-182.26520000000005,0,0
2021-10-09 11:06:47.651019,1.028946383127936,-210.7772,0,0
2021-10-09 11:06:47.797029,1.028946383127936,-96.72919999999999,0,0
2021-10-09 11:06:47.943173,1.049136730785217,89.54920000000004,0,0
2021-10-09 11:06:48.089294,1.049136730785217,-132.84439999999995,0,0
2021-10-09 11:06:48.235643,1.049136730785217,-91.02679999999998,0,0
2021-10-09 11:06:48.382722,1.0087560354706557,156.07719999999995,0,0
2021-10-09 11:06:48.529861,1.028946383127936,-28.300399999999968,0,0
2021-10-09 11:06:48.678154,1.0087560354706557,-431.27,0,0
2021-10-09 11:06:48.831099,1.028946383127936,116.16039999999998,23,34
2021-10-09 11:06:48.977458,1.049136730785217,355.6612,0,0
2021-10-09 11:06:49.123955,0.9986608616420147,184.5892,0,0
2021-10-09 11:06:49.270339,1.0188512092992958,-70.11800000000005,0,0
2021-10-09 11:06:49.416782,0.9784705139847345,-233.58680000000004,0,0
2021-10-09 11:06:49.562917,1.0895174260997784,722.5156000000001,0,0
2021-10-09 11:06:49.709069,1.0087560354706557,-108.13400000000001,0,0
2021-10-09 11:06:49.855157,1.0592319046138572,355.6612,0,0
2021-10-09 11:06:50.008116,1.039041556956577,391.7764,23,34
2021-10-09 11:06:50.154343,1.049136730785217,-189.86839999999995,0,0
2021-10-09 11:06:50.301298,1.028946383127936,294.8356,0,0
2021-10-09 11:06:50.447521,0.9986608616420147,228.30759999999998,0,0
2021-10-09 11:06:50.593662,1.028946383127936,100.95399999999995,0,0
2021-10-09 11:06:50.740113,1.0996125999284194,-258.2972,0,0
2021-10-09 11:06:50.886478,1.0188512092992958,-292.51160000000004,0,0
2021-10-09 11:06:51.033365,0.9683753401560935,-495.8972000000001,0,0
2021-10-09 11:06:51.186463,0.9784705139847345,-269.702,23,34
2021-10-09 11:06:51.333293,1.1097077737570595,-509.2028,0,0
2021-10-09 11:06:51.479470,1.1097077737570595,395.57800000000003,0,0
2021-10-09 11:06:51.625566,0.9986608616420147,218.80359999999996,0,0
2021-10-09 11:06:51.771821,1.0087560354706557,285.3316,0,0
2021-10-09 11:06:51.918027,1.0188512092992958,-493.9964,0,0
2021-10-09 11:06:52.065759,1.049136730785217,218.80359999999996,0,0
2021-10-09 11:06:52.211912,1.0592319046138572,-353.33719999999994,0,0
2021-10-09 11:06:52.364814,1.0188512092992958,195.99400000000003,23,34
2021-10-09 11:06:52.511015,1.0188512092992958,32.52520000000004,0,0
2021-10-09 11:06:52.659731,1.1198029475856996,76.24360000000001,0,0
2021-10-09 11:06:52.806115,1.0693270784424982,-431.27,0,0
2021-10-09 11:06:52.955569,0.9885656878133746,-467.38519999999994,0,0
2021-10-09 11:06:53.102126,1.0087560354706557,-146.14999999999998,0,0
2021-10-09 11:06:53.249099,1.039041556956577,279.6292,0,0
2021-10-09 11:06:53.395297,1.049136730785217,-372.3452,0,0
2021-10-09 11:06:53.549805,1.049136730785217,-104.3324,23,35
2021-10-09 11:06:53.696212,0.9885656878133746,-298.21399999999994,0,0
2021-10-09 11:06:53.844013,0.9986608616420147,192.19240000000002,0,0
2021-10-09 11:06:53.990112,1.0592319046138572,-142.34839999999997,0,0
2021-10-09 11:06:54.136261,1.0087560354706557,-292.51160000000004,0,0
2021-10-09 11:06:54.282337,1.0794222522711383,188.3908,0,0
2021-10-09 11:06:54.428450,1.0693270784424982,-132.84439999999995,0,0
2021-10-09 11:06:54.574647,1.0592319046138572,-56.812400000000025,0,0
2021-10-09 11:06:54.728526,0.9885656878133746,-161.3564,22,35
2021-10-09 11:06:54.874801,1.0693270784424982,454.50280000000004,0,0
2021-10-09 11:06:55.021046,1.039041556956577,327.1492,0,0
2021-10-09 11:06:55.167251,1.0592319046138572,579.9556,0,0
2021-10-09 11:06:55.313450,1.0895174260997784,13.517200000000003,0,0
2021-10-09 11:06:55.460016,0.8876139495269699,-733.4972,0,0
2021-10-09 11:06:55.605987,1.1097077737570595,507.7252,0,0
2021-10-09 11:06:55.752620,1.0794222522711383,-322.9244000000001,0,0
2021-10-09 11:06:55.905261,1.028946383127936,53.43399999999997,22,35
2021-10-09 11:06:56.051405,0.9885656878133746,441.1972,0,0
2021-10-09 11:06:56.197364,1.039041556956577,-522.5083999999999,0,0
2021-10-09 11:06:56.344398,0.9784705139847345,-212.678,0,0
2021-10-09 11:06:56.490652,1.0087560354706557,348.058,0,0
2021-10-09 11:06:56.637499,1.0693270784424982,-206.9756,0,0
2021-10-09 11:06:56.783796,0.9481849924988133,-180.36440000000005,0,0
2021-10-09 11:06:56.930289,1.039041556956577,-233.58680000000004,0,0
2021-10-09 11:06:57.082661,1.0087560354706557,-733.4972,0,0
2021-10-09 11:06:57.229052,1.0895174260997784,294.8356,0,0
2021-10-09 11:06:57.375868,1.039041556956577,-505.4012,0,0
2021-10-09 11:06:57.522175,1.0693270784424982,-26.399599999999964,0,0
2021-10-09 11:06:57.668409,0.9986608616420147,-100.5308,0,0
2021-10-09 11:06:57.814415,1.0188512092992958,625.5748,0,0
2021-10-09 11:06:57.960683,1.170278816728902,-733.4972,0,0
2021-10-09 11:06:58.107005,1.0188512092992958,-378.0476000000001,0,0
2021-10-09 11:06:58.260220,0.9178994710128912,640.7812,22,35
2021-10-09 11:06:58.406665,1.1298981214143407,722.5156000000001,0,0
2021-10-09 11:06:58.553227,0.9784705139847345,-708.7868000000001,0,0
2021-10-09 11:06:58.699534,1.049136730785217,-159.4556,0,0
2021-10-09 11:06:58.845964,1.039041556956577,-83.42359999999996,0,0
2021-10-09 11:06:58.992374,1.0087560354706557,32.52520000000004,0,0
2021-10-09 11:06:59.138479,1.0794222522711383,568.5508,0,0
2021-10-09 11:06:59.285271,1.039041556956577,-387.5516,0,0
2021-10-09 11:06:59.438173,0.907804297184251,232.1092,22,35
2021-10-09 11:06:59.584128,1.1097077737570595,-24.49879999999996,0,0
2021-10-09 11:06:59.730304,1.0592319046138572,-733.4972,0,0
2021-10-09 11:06:59.876713,1.0592319046138572,-11.193200000000047,0,0
2021-10-09 11:07:00.023784,1.0794222522711383,355.6612,0,0
2021-10-09 11:07:00.171232,0.9178994710128912,-454.0796,0,0
2021-10-09 11:07:00.317466,0.9380898186701723,-733.4972,0,0
2021-10-09 11:07:00.463921,0.9885656878133746,-488.2940000000001,0,0
2021-10-09 11:07:00.616751,1.1298981214143407,121.8628,22,35
2021-10-09 11:07:00.765565,1.028946383127936,203.59720000000004,0,0
2021-10-09 11:07:00.912130,0.9683753401560935,-14.994800000000055,0,0
2021-10-09 11:07:01.060868,1.0087560354706557,-83.42359999999996,0,0
2021-10-09 11:07:01.207258,1.0693270784424982,469.7092,0,0
2021-10-09 11:07:01.353527,1.039041556956577,-493.9964,0,0
2021-10-09 11:07:01.499620,1.0188512092992958,-229.78520000000003,0,0
2021-10-09 11:07:01.648293,1.049136730785217,81.94600000000003,0,0
2021-10-09 11:07:01.801033,1.028946383127936,-256.39639999999997,22,35
2021-10-09 11:07:01.948748,1.049136730785217,-473.08760000000007,0,0
2021-10-09 11:07:02.095144,1.0794222522711383,-313.4204,0,0
2021-10-09 11:07:02.241420,0.9885656878133746,505.8244,0,0
2021-10-09 11:07:02.387620,1.0693270784424982,232.1092,0,0
2021-10-09 11:07:02.533919,0.9683753401560935,-72.01880000000006,0,0
2021-10-09 11:07:02.680287,0.9582801663274534,32.52520000000004,0,0
2021-10-09 11:07:02.826432,0.9986608616420147,-68.21720000000005,0,0
2021-10-09 11:07:02.979685,0.9885656878133746,2.1123999999999796,22,35
2021-10-09 11:07:03.125910,1.1298981214143407,602.7652,0,0
2021-10-09 11:07:03.272232,1.049136730785217,319.546,0,0
2021-10-09 11:07:03.418352,1.049136730785217,253.01800000000003,0,0
2021-10-09 11:07:03.564799,1.0794222522711383,262.522,0,0
2021-10-09 11:07:03.710976,1.028946383127936,422.1892,0,0
2021-10-09 11:07:03.857668,0.9683753401560935,-54.91160000000002,0,0
2021-10-09 11:07:04.003878,1.0087560354706557,416.4868,0,0
2021-10-09 11:07:04.156904,0.8472332542124086,89.54920000000004,22,35
2021-10-09 11:07:04.303188,1.1198029475856996,254.91880000000003,0,0
2021-10-09 11:07:04.449749,1.028946383127936,-47.308400000000006,0,0
2021-10-09 11:07:04.595902,1.0794222522711383,424.09000000000003,0,0
2021-10-09 11:07:04.742744,0.8977091233556109,-381.8492000000001,0,0
2021-10-09 11:07:04.888767,1.039041556956577,281.53000000000003,0,0
2021-10-09 11:07:05.034866,1.049136730785217,-161.3564,0,0
2021-10-09 11:07:05.181202,1.3217064241585081,-733.4972,0,0
2021-10-09 11:07:05.334154,1.2005643382148232,724.4164000000001,22,35
2021-10-09 11:07:05.480488,0.9481849924988133,-281.1068,0,0
2021-10-09 11:07:05.626808,0.9380898186701723,36.32680000000005,0,0
2021-10-09 11:07:05.773335,0.9885656878133746,-77.72119999999995,0,0
2021-10-09 11:07:05.919645,1.0895174260997784,51.533199999999965,0,0
2021-10-09 11:07:06.066004,1.1198029475856996,-733.4972,0,0
2021-10-09 11:07:06.212257,0.9986608616420147,42.029199999999946,0,0
2021-10-09 11:07:06.358380,1.0087560354706557,292.9348,0,0
2021-10-09 11:07:06.511010,0.9784705139847345,-340.0316,0,0
2021-10-09 11:07:06.657169,1.049136730785217,-189.86839999999995,0,0
2021-10-09 11:07:06.803220,1.039041556956577,123.7636,0,0
2021-10-09 11:07:06.949213,1.0087560354706557,724.4164000000001,0,0
2021-10-09 11:07:07.095451,1.0592319046138572,610.3684000000001,0,0
2021-10-09 11:07:07.241691,1.049136730785217,-153.7532,0,0
2021-10-09 11:07:07.388685,1.0693270784424982,-1.689200000000028,0,0
2021-10-09 11:07:07.535061,0.9885656878133746,-89.12599999999998,0,0
2021-10-09 11:07:07.687875,1.0592319046138572,23.02120000000002,22,34
2021-10-09 11:07:07.834182,1.0794222522711383,-26.399599999999964,0,0
2021-10-09 11:07:07.980743,1.0087560354706557,119.96199999999999,0,0
